"phenotype","fdr_threshold","contrast","basic","lifestyle","AD","path"
"caa","0.05","1","","","",""
"caa","0.05","2","","CA14,IL33","",""
"caa","0.05","3","GTF2IRD1,RIPOR3,MOXD1,ADAMTS2,PXN,REC8,HRH3,ISYNA1,SLC1A2,NNT,CCNI,ALDH6A1,PSD4,DOCK6,EIF2S1,UNC13C,HADHB,SDHC,PLPBP,SLC30A6,GART,TM2D1,CCDC74A,DNAAF5,ALDH7A1,ALDH1A1,ARMC3,TMEM145,FOXD4,NOC3L,HSPB7,EIF4E1B,POLE,CSTF2T,TDRKH,VMO1,PALM3,DCHS2,ZNF273,FAM19A2,LY6G5C,SCX,GJA5,PCGF2,FAM169B","NOC3L,GJA5","GJA5","GJA5"
"caa","0.10","1","","","",""
"caa","0.10","2","LTF,CA14,IL33,TRIM58,SLC25A18,PTGDR2,OR2W3,AC010931.2","CA14,IL33","","CA14"
"caa","0.10","3","ETV1,GTF2IRD1,DLEC1,RUNX3,NDUFS1,SLC39A9,MAP2K3,MSR1,RIPOR3,PREX2,PTCD2,BCAR1,NDC1,SNRNP40,CHI3L2,WDR3,EPHA8,TFRC,DPP8,XRCC5,PAFAH1B3,RIMS1,MOXD1,IPO11,ADAMTS2,KLHL42,CNOT3,ARHGAP28,SLC4A11,PXN,LTBP4,MYH7,TEKT2,RASD2,RIN3,CPNE6,REC8,HRH3,CDC25B,SEC23B,NALCN,PHKB,CBLN1,CLASRP,DMPK,BBC3,ISYNA1,ATP13A1,TFR2,KCNT1,TBC1D19,SLC1A2,MGP,GNPTAB,ALDH5A1,C6orf118,ENPP5,NNT,DBN1,PCCB,PLEKHB2,ATP5PB,PTCH2,IRF6,MAN1C1,CCNI,CCDC92,ALDH6A1,DNAJC15,FAM117A,HVCN1,DDX39A,ATPAF1,MXD4,FAM193A,MRPS7,SLC2A4RG,PSD4,LRFN1,RIBC2,TMOD2,CLN6,CBFA2T3,DOCK6,LSP1,GFAP,PRR7,PPT1,RFX1,CC2D1A,RTBDN,KDM6B,RIDA,MTUS2,MYH11,AGAP3,KRAS,EIF2S1,NAPG,RERG,CARS2,WDR36,KIAA1614,WASHC4,IL33,GMPR,SORL1,CFAP300,UNC13C,DBT,HADHB,PLCE1,SUOX,PSTPIP1,NUDT7,ASGR1,MMEL1,SDHC,HCN3,C1orf35,TMEM44,SLC30A5,PLPBP,NTRK2,PDCD11,ADAM33,RGS18,GABRA2,AC073869.1,SLC30A6,BANK1,PLCL2,CXXC1,EPHB1,GOLGA7B,TIMP4,FGF17,GART,ANKLE1,CFAP157,RECQL4,LRRC56,ALPL,C1orf87,TM2D1,NEUROD1,CCDC74A,SLC16A14,WDR43,IL15,DNAAF5,ALDH7A1,ALDH1A1,ARMC3,VDAC2,CUL5,RBPMS2,MS4A14,TMEM145,HID1,TMEM68,RAB26,LTBP3,ATG4B,NPNT,GFM1,ADRB2,TMEM266,FOXD4,RNF150,DNAJC18,PLRG1,CALB2,SUCLG2,CFAP53,SSH3,LCLAT1,NOC3L,HSPB7,EIF4E1B,POLE,TGIF1,CSTF2T,SOX12,PER1,LDLRAD3,SLC47A2,ARSJ,FAM83H,MEX3D,TDRKH,VMO1,PTTG1IP,DRD1,NELFA,MUC1,NR2F2,PLK5,ZNF555,ARAP1,VSTM2B,MAGEH1,PALM3,KLHL17,RTP5,COL25A1,GM2A,C5AR1,DCHS2,ZNF273,FAM19A2,OPA1,STKLD1,LINC00963,LY6G5C,MROH6,ZNF580,PPM1N,C4B,FAM229A,LINC01529,ENTPD1-AS1,SNHG7,DIRC3-AS1,AC008443.1,AC234582.2,AC107464.1,AC022424.1,LINC01094,LINC01485,AC103855.2,AC005726.1,AC010478.1,MRC1,SCX,ADPGK-AS1,RN7SL4P,GJA5,AC092720.2,AL137127.1,AL135999.2,PCGF2,AC005332.6,AC079949.2,FO538757.1,AC131212.3,FAM169B","NDC1,ADAMTS2,NNT,CLN6,EIF2S1,SDHC,NEUROD1,WDR43,ALDH1A1,ARMC3,TMEM145,NOC3L,CSTF2T,ZNF273,SNHG7,AC104825.1,LINC01485,GJA5","NDC1,FER1L4,FHL5,EPM2A,NNT,C1orf21,CCNI,MOCS1,CLN6,MYH11,PARP1,ASAP2,EPHB1,APBB2,PTGER4,EIF4E1B,CSTF2T,ZNF678,PDIA2,ZNF555,ZNF33A,ZNF273,CCHCR1,AP1G2,SNHG7,AC104825.1,GJA5,AC097534.2","NDC1,FER1L4,FHL5,EPM2A,C1orf21,CCNI,KBTBD7,MOCS1,GTF3C4,MYH11,PARP1,ASAP2,EPHB1,APBB2,PTGER4,EIF4E1B,CSTF2T,GPR139,ZNF678,ZNF273,CCHCR1,AP1G2,SNHG7,AC104825.1,GJA5,AC097534.2"
"art","0.05","1","","","",""
"art","0.05","2","ZSCAN12,ALDH1A1,GPHN","","GPHN",""
"art","0.05","3","CD38,CROT,GIPR,KDM5D,WDR3,DDX3Y,SYNJ2,CREM,NIN,PDYN,CSTF2,CCDC113,DHRS7B,DDX25,MANSC1,USP9Y,SERAC1,RWDD3,TXLNGY,MATN3,ORC3,PHF21A,RABEPK,SDSL,PYCR2,LYG1,PIEZO2,ADAMTSL3,GPRASP2,TSR2,GEM,STXBP4,SERTAD3,PDE4DIP,FBXL7,RFLNB,MAFF,TNFAIP2,SLC6A9,GSTK1,EIF1AY,GPRASP1,AL359878.1,AC016831.1,LINC00472,AF127577.4,BDNF-AS,DNAH10OS,AC108002.1,AF131216.3,AC010889.1,AC007823.1,AC009063.2,GAS6-DT","CD38,GIPR,KDM5D,PTCD2,WDR3,ZMYND12,DDX3Y,ATP1B3,P2RX7,CREM,PRKY,NIN,PSMA3,NFKBIA,ZMYND8,PDYN,CSTF2,CCDC113,BLVRA,DHRS7B,DDX25,SLC6A12,TXNDC15,USP9Y,EBNA1BP2,DHDDS,TCTN3,RWDD3,PMS2,FKBP9,CALD1,PANK2,RPS4Y1,TXLNGY,IMMT,TBC1D8B,BTG1,ORC3,PHF21A,TFCP2,RABEPK,KIF13A,LRRC1,DIRC2,SDSL,TBX19,PSEN2,LYG1,CSRNP1,GPR6,ZNF7,QTRT2,CARHSP1,FBXO36,CHD1,TMSB4Y,PPP2R2B,NMNAT2,FANCC,GPRASP2,TMED4,GEM,AL353743.1,STXBP4,SERTAD3,SCN11A,RNASEH2C,CCDC96,NAA20,SLCO3A1,NAP1L5,GALNT11,RFLNB,PRKX,SMTN,MAFF,TNFAIP2,MRPL30,TRDN,C15orf62,GSTK1,ZNF511,EIF1AY,SLC5A3,GPRASP1,RNU6-1010P,RF00019,LINC00898,AL359878.1,AC105345.1,AC138409.2,AC005532.1,LINC00472,SP2-AS1,AF127577.4,DDOST,AC122710.2,FAM86HP,AC108002.1,AF131216.3,AC010889.1,AC007823.1,AC139256.2,GAS6-DT,AC011815.2,AC073508.3,LINC00997","CD38,GIPR,KDM5D,PTCD2,MED29,WDR3,DDX3Y,SLC4A11,P2RX7,CREM,PRKY,NIN,NFKBIA,ZMYND8,PDYN,CSTF2,CCDC113,BLVRA,DHRS7B,DDX25,SLC6A12,TXNDC15,USP9Y,EBNA1BP2,DHDDS,TCTN3,RWDD3,PMS2,FKBP9,CALD1,PANK2,RPS4Y1,TXLNGY,IMMT,TBC1D8B,BTG1,ORC3,PHF21A,KIF13A,LRRC1,SDSL,TBX19,PSEN2,LYG1,GPR6,ZNF7,QTRT2,CARHSP1,FBXO36,CHD1,TMSB4Y,PPP2R2B,NMNAT2,FANCC,GPRASP2,TMED4,GEM,AL353743.1,STXBP4,RNF169,SERTAD3,SCN11A,RNASEH2C,CCDC96,NAA20,SLCO3A1,NAP1L5,PRKAG1,FBXL7,RFLNB,PRKX,MAFF,MRPL30,TRDN,C15orf62,GSTK1,EIF1AY,SLC5A3,GPRASP1,RF00019,LINC00898,AL359878.1,AC138409.2,AC005532.1,LINC00472,SP2-AS1,AF127577.4,AC122710.2,FAM86HP,AC108002.1,AF131216.3,AC010889.1,AC007823.1,AC139256.2,GAS6-DT,AC011815.2,AC073508.3,LINC00997","DDX3Y"
"art","0.10","1","AKR1B1,VAT1,AC010889.1","","",""
"art","0.10","2","CREM,CCDC113,ZRANB3,SH3BGRL3,ZSCAN12,AK4,ALDH1A1,GPHN,OLMALINC","GPHN","GPHN",""
"art","0.10","3","CD38,CROT,GIPR,KDM5D,RUNX3,AGPAT4,LETMD1,NRIP2,MED29,WDR3,ZMYND12,DDX3Y,IP6K2,ATP1B3,SYNJ2,SLC4A11,P2RX7,CREM,NIN,PSMA3,NFKBIA,ZMYND8,PDYN,CSTF2,RBM3,CCDC113,ARRDC2,BLVRA,DHRS7B,DDX25,SLC6A12,MANSC1,BVES,TXNDC15,USP9Y,TP53I3,EBNA1BP2,RHOQ,TCTN3,DUSP1,SERAC1,RWDD3,PMS2,PANK2,PSMB2,PPCS,SRD5A3,RPS4Y1,TXLNGY,MATN3,TBC1D8B,ORC3,PHF21A,RABEPK,KIF13A,LRRC1,SDSL,TPM1,CREB3L4,PYCR2,LYG1,CSRNP1,AIG1,ST18,FBXO4,KCNE4,CARHSP1,FBXO36,PDE1C,PIEZO2,ADAMTSL3,FBXO32,FANCC,GPRASP2,TSR2,AK4,GEM,PPP1R36,CLMN,CMTM5,STXBP4,BEX3,SERTAD3,SCN11A,CHCHD7,RNASEH2C,CCDC96,NAA20,HSD11B2,CASC2,C2orf73,PDE4DIP,PRKAG1,FBXL7,RFLNB,SMTN,MRGPRE,MAFF,TNFAIP2,MRPL30,MITF,C15orf62,RHCE,SLC6A9,DIO3,GSTK1,KIF13B,EIF1AY,SLC5A3,HMGN2,GPRASP1,CR1,TAP2,LINC00898,AL359878.1,DNAJC19,AL023284.2,AC016831.1,LINC00472,SP2-AS1,AF127577.4,STMP1,RTL9,DDOST,BDNF-AS,LINC00535,DNAH10OS,AC108002.1,AP003393.1,AF131216.3,AC010889.1,AC007823.1,AC009063.2,GJA5,GAS6-DT,ALOX15P1,AC073508.3","SEMA3F,CFTR,LAP3,CD38,ST7,CROT,MYLIP,GIPR,KDM5D,MDH1,GLT8D1,BIRC3,AGPAT4,GEMIN8,ANO2,PTCD2,LETMD1,FNIP2,FOXN3,NRIP2,ZFR,TARBP1,MED29,WDR3,ZMYND12,DDX3Y,ZFY,IP6K2,ATP1B3,ST6GALNAC1,HLTF,LLGL2,DLG1,DNAJC10,SMARCD3,PLOD1,ADAMTS2,PTPN4,SLC4A11,P2RX7,DZANK1,TASP1,CREM,CIRBP,PRKY,RANBP1,SLC25A17,NIN,PSMA3,GSTZ1,PPP4R3A,NFKBIA,GSS,ZMYND8,CSTF1,PDYN,CSTF2,JADE3,RBM3,INTS6,N4BP1,DHODH,CCDC113,CRYM,BRF2,ARRDC2,HBP1,COBL,AIMP2,COA1,BLVRA,KAZALD1,DHRS7B,DDX25,DCPS,SLC6A12,MANSC1,COPS7A,CEP85L,BVES,CRYBG1,TXNDC15,TFDP2,USP9Y,CYB561D2,FARSB,MECR,SDHB,EBNA1BP2,DHDDS,PLAGL1,PHF19,RHOQ,TCTN3,DUSP1,EPC1,RWDD3,PMS2,FKBP9,CALD1,PMEPA1,VASP,PANK2,PSMB2,PPCS,SRD5A3,ASPHD2,SMO,KIF1C,MTUS1,FOXJ1,RPS4Y1,ERMARD,MAS1,POLN,TXLNGY,HIGD1B,MATN3,IMMT,POLR3F,DMGDH,TBC1D8B,BTG1,DPH6,ORC3,PHF21A,TFCP2,CPM,ISCU,RABEPK,DMAC1,KIF13A,KIAA0319,LRRC1,GCHFR,DYNC2LI1,ANXA7,MDH1B,DIRC2,FAM13A,SDSL,GRTP1,C16orf58,PARN,TBX19,CREB3L4,PSEN2,PYCR2,GALM,LYG1,FANCD2,CSRNP1,DDIT4L,RARS2,GPR6,AIG1,RBMX,NSD3,TATDN1,ZNF7,IDNK,WDR31,PARD3,ITPRIP,PAK1,ARID5B,FAM124A,QDPR,QTRT2,KCNE4,ATP5F1A,PFKM,CARHSP1,FBXO36,CHD1,TMSB4Y,PDE1C,PIEZO2,PPP2R2B,FBXO32,NMNAT2,TAB3,GAREM2,FANCC,GPRASP2,TSR2,TMED4,CSRP1,NEK8,ZNF333,ORAI2,BDH1,NEU3,AK4,MAPKAPK2,SLC16A14,BOLA3,DCAF16,COX18,TP53INP1,GEM,AL353743.1,MID1IP1,NLGN4Y,CMTM5,SVOP,BRD7,STXBP4,RNF169,MCM7,RRAD,COG1,CCDC178,SERTAD3,SCN11A,CHCHD7,PPM1D,GPHN,MLLT3,CFAP53,CARNS1,DHCR7,RNASEH2C,MRGPRF,HPSE2,CCDC96,NAA20,SMARCC1,AP000769.1,MRPL11,SLC35G1,HSD11B2,SLCO3A1,NAP1L5,ACOT4,CASC2,C2orf73,PDE4DIP,GALNT11,FUCA1,ZNF571,COPG1,PRKAG1,RAD51B,PRR34,FBXL7,ZNF530,RFLNB,KCTD16,UTY,HTR7P1,PRKX,SMTN,CRELD2,KCNK12,MRGPRE,DRD1,F8,MAFF,TNFAIP2,MRPL30,LMLN,ZFP36L1,CA5BP1,TRDN,ENTPD5,MITF,THSD4,C15orf62,RHCE,ZBED6CL,PRELP,SLX4,ADAT2,ALG1L,LCOR,ZKSCAN7,SLC6A9,GM2A,DIO3,GSTK1,ZNF334,ZNF511,EIF1AY,SLC5A3,CHAMP1,PRMT6,SHISA4,GPRASP1,RNU6-1010P,RF00019,HSD17B8,TAP2,LINC00898,AL359878.1,AC105345.1,MT-TT,AC084880.1,RPL17P50,CLDN9,STARD10,AC138409.2,AL354836.1,AC016831.1,SNAP25-AS1,AL158071.3,AC005532.1,PRH1,LINC00472,AC133435.1,PINLYP,SP2-AS1,AF127577.4,OLMALINC,PAXBP1-AS1,DDOST,LINC01322,NEAT1,BDNF-AS,SMURF2P1,AC010226.1,DNAH10OS,AC008525.1,AC005865.2,AC122710.2,FAM86HP,AC108002.1,LINC01485,AP003393.1,AF131216.3,MIR100HG,AC131009.2,AC007249.2,LINC02298,AC009779.2,AC138331.1,LINC00930,AC087482.1,BX005019.1,AC010889.1,AL008727.1,AC007823.1,AC009063.2,AL031985.3,AP003469.4,AC027130.1,AC040977.1,ZNF488,AC027097.2,AC024075.2,AL049840.4,AC139256.2,GAS6-DT,AP000229.1,ALOX15P1,AC011815.2,SIK1B,PIGW,AC005332.6,DHRS11,AC073508.3,AC131212.2,LINC00997,HSP90AB4P","CFTR,CD38,ST7,CROT,GIPR,KDM5D,SLC7A9,BIRC3,AGPAT4,GEMIN8,PTCD2,LETMD1,FNIP2,FOXN3,NRIP2,ZFR,TARBP1,MED29,WDR3,ZMYND12,DDX3Y,IP6K2,ATP1B3,LLGL2,DLG1,DNAJC10,SMARCD3,PLOD1,ADAMTS2,PTPN4,SLC4A11,P2RX7,TASP1,OSGEP,CREM,CIRBP,PRKY,SLC25A17,NIN,PSMA3,GSTZ1,PPP4R3A,NFKBIA,ZMYND8,PDYN,CSTF2,RBM3,INTS6,CCDC113,CRYM,BRF2,ARRDC2,HBP1,AIMP2,COA1,BLVRA,KAZALD1,DHRS7B,DDX25,DCPS,SLC6A12,MANSC1,COPS7A,BVES,CRYBG1,TXNDC15,TFDP2,USP9Y,CYB561D2,FARSB,MECR,EBNA1BP2,DHDDS,PLAGL1,PHF19,RHOQ,TCTN3,DUSP1,EPC1,RWDD3,PMS2,FKBP9,CALD1,VASP,PANK2,PSMB2,PPCS,EMC1,SRD5A3,ASPHD2,SMO,FOXJ1,RPS4Y1,ERMARD,TXLNGY,MATN3,IMMT,DMGDH,TBC1D8B,BTG1,DPH6,ORC3,PHF21A,TFCP2,ISCU,RABEPK,DMAC1,KIF13A,KIAA0319,LRRC1,DYNC2LI1,MDH1B,DIRC2,FAM13A,SDSL,C16orf58,PARN,TBX19,CREB3L4,PSEN2,PYCR2,GALM,LYG1,CSRNP1,DDIT4L,RARS2,GPR6,AIG1,RBMX,NSD3,TATDN1,ZNF7,IDNK,WDR31,PARD3,ITPRIP,PAK1,QDPR,QTRT2,KCNE4,PFKM,CARHSP1,FBXO36,CHD1,TMSB4Y,PIEZO2,PPP2R2B,FBXO32,NMNAT2,FANCC,GPRASP2,TSR2,TMED4,CSRP1,NEK8,ZNF333,ORAI2,BDH1,NEU3,AK4,MAPKAPK2,SLC16A14,DCAF16,COX18,TP53INP1,GEM,AL353743.1,MID1IP1,CMTM5,STXBP4,RNF169,MCM7,RRAD,COG1,CCDC178,SERTAD3,SCN11A,PPM1D,GPHN,CFAP53,RNASEH2C,MRGPRF,CCDC96,RELA,NAA20,SMARCC1,AP000769.1,SLC35G1,SLCO3A1,NAP1L5,ACOT4,C2orf73,PDE4DIP,GALNT11,FUCA1,ZNF571,COPG1,PRKAG1,RAD51B,PRR34,FBXL7,ZNF530,RFLNB,UTY,HTR7P1,PRKX,SMTN,CRELD2,MRGPRE,MAFF,TNFAIP2,MRPL30,LMLN,ZFP36L1,CA5BP1,TRDN,ENTPD5,MITF,THSD4,PMS2CL,C15orf62,ZBED6CL,PRELP,SLX4,ADAT2,ALG1L,LCOR,ZKSCAN7,SLC6A9,GSTK1,ZNF334,ZNF511,EIF1AY,SLC5A3,CHAMP1,PRMT6,GPRASP1,RNU6-1010P,RF00019,HSD17B8,TAP2,LINC00898,AL359878.1,AC105345.1,MT-TT,AC084880.1,STARD10,AC138409.2,AL158071.3,AC005532.1,PRH1,LINC00472,PINLYP,SP2-AS1,AF127577.4,OLMALINC,PAXBP1-AS1,DDOST,BDNF-AS,SMURF2P1,AC010226.1,DNAH10OS,AC008525.1,AC005865.2,AC122710.2,FAM86HP,AC108002.1,LINC01485,AP003393.1,AF131216.3,MIR100HG,AC131009.2,AC007249.2,AC025265.1,AC009779.2,AC138331.1,LINC00930,AC087482.1,BX005019.1,AC010889.1,AL008727.1,AC007823.1,AC009063.2,AL031985.3,AC027130.1,AC027097.2,AC024075.2,AL049840.4,AC139256.2,GAS6-DT,ALOX15P1,AC011815.2,SIK1B,PIGW,DHRS11,AC073508.3,LINC00997,HSP90AB4P","CD38,KDM5D,DDX3Y,ST6GALNAC1,P2RX7,CREM,NIN,PDYN,CSTF2,DHRS7B,DDX25,TXNDC15,USP9Y,EBNA1BP2,PMS2,CALD1,TXLNGY,PHF21A,KIF13A,TBX19,GPR6,ZNF7,QTRT2,FBXO36,GPRASP2,TMED4,AL353743.1,STXBP4,CCDC178,CCDC96,GALNT11,MAFF,TRDN,EIF1AY,GPRASP1,AL359878.1,AC138409.2,AC005532.1,AF127577.4,AF131216.3,PIGW,AC073508.3"
"cvda","0.05","1","NAP1L2","","",""
"cvda","0.05","2","GDI2,MCM6,TPX2,NUP50,SLC6A12,GPN3,DNAJC16,TCEANC2,STIL,EMC1,COL5A1,SLC31A1,SPTBN5,VAMP1,CCT6A,ALMS1P1,EIF5A2,TMEM184C,ALG10B,CFAP73,C3orf70,WDHD1,SMG1P2,AL450405.1,AC139768.1,AC009145.4","AGPS,GDI2,MRPS35,RHOA,MCM6,MAP2,COL5A3,LEPROTL1,TMEM97,SLC6A12,GPN3,RNGTT,EPB41L5,PCYOX1,DNAJC16,TMED5,EMC1,COL5A1,SLC31A1,ARL3,SLC39A8,VAMP1,MAP1LC3B,TIPRL,EIF3M,APOOL,VPS37A,EEF1A1,EIF5A2,CXCL5,TMEM184C,CFL2,ABCD2,RPL15,ALG10B,MTX3,CFAP73,WDHD1,FAM169A,TNRC6C-AS1,SMG1P2,LINC00511,AL450405.1,OTUD6B-AS1,AC139768.1,AL365209.1,AC009145.4","AGPS,GDI2,MRPS35,RHOA,MCM6,MAP2,COL5A3,LEPROTL1,LFNG,TMEM97,SLC6A12,GPN3,RNGTT,EPB41L5,PCYOX1,DNAJC16,TMED5,EMC1,COL5A1,MRO,SLC31A1,ARL3,SLC39A8,VAMP1,MAP1LC3B,TIPRL,EIF3M,ATP6V1C1,VPS37A,EEF1A1,EIF5A2,CXCL5,TMEM184C,CFL2,ABCD2,RPL15,EIF3F,ALG10B,MTX3,KLHL28,PITPNB,CFAP73,COL27A1,WDHD1,FAM169A,TNRC6C-AS1,SMG1P2,STK38L,TSN,LINC00511,AL450405.1,OTUD6B-AS1,AC139768.1,AL365209.1,AC009145.4",""
"cvda","0.05","3","CFH,CROT,GIPR,CEP68,SAMD4A,LETMD1,HPF1,PHF21B,DCBLD2,NDC1,HDAC7,MRPS35,PSME4,ATP1B3,TEAD2,ARHGEF10L,BCAP29,RUNX1T1,RAPGEF3,AQP6,SLC4A11,ANGPT2,MYO9B,VRK1,NFATC4,ZC2HC1A,DOT1L,ERF,MYH3,SLC6A12,RASAL1,MDGA1,ARL6,FGF12,DNAJC16,CASC1,PHF19,WDR55,ZRANB3,NLN,PREX1,RREB1,VASP,RRBP1,PUS7L,CDKN1C,DOCK6,COL5A1,TXLNGY,IRAK2,CAMK1,SLC43A3,WDR36,ADAM19,ORC3,TTC5,STX17,DNAJB5,MNS1,DENR,HMG20A,ARSG,TMC6,ATP8B2,SPAG16,CSRNP1,TMEM168,RSU1,ADM,ARL14EP,CC2D1B,TAB3,ZNF233,ADAMTS13,SHKBP1,ZBTB7B,AGL,SLC16A14,DHX57,ADORA1,EIF5A2,POLR2H,AIMP1,UBLCP1,GEM,C10orf25,ARHGEF40,PRTG,RRAD,SERTAD3,COL22A1,TMEM182,PFKFB3,JUNB,TOMM20,EIF3F,ALG10B,ETV4,METRNL,ZNF518A,HES7,DNHD1,SKIDA1,EHMT1,AMIGO1,PRKAG1,FAM181B,B4GALNT4,SPACA6,SCFD2,CMSS1,F8,MAFF,BRCC3,TAF9B,ZNF385C,NHLRC3,ACADSB,TMEM63A,LAMB3,ZGPAT,EME2,ZNF84,SVIP,PIM3,MAFK,WDHD1,DLL1,FOXO6,TNRC6C-AS1,GYG2P1,AC147651.1,MKRN2OS,CDC20P1,AC093673.1,AC093580.1,AL356599.1,OLMALINC,LINC01625,DDOST,BDNF-AS,AC108002.1,CD8B2,AC010889.1,AC245884.9,GTF2H5,AL365203.2,AC148477.5,BTG3-AS1","GIPR,RAPGEF3,AQP6,NFATC4,DOT1L,ERF,MYH3,PHF19,CDKN1C,CAMK1,DNAJB5,TMC6,ZNF233,SLC16A14,GEM,ARHGEF40,ALG10B,ETV4,HES7,FAM181B,SPACA6,BRCC3,PIM3,WDHD1,DLL1,FOXO6,TNRC6C-AS1,AC093580.1,AL365203.2","RHBDF1,GIPR,PHF21B,ATP1B3,RAPGEF3,AQP6,SLC4A11,NFATC4,DOT1L,ERF,MYH3,PHF19,PUS7L,CDKN1C,CAMK1,DNAJB5,TMC6,ATP8B2,CSRNP1,CTF1,CC2D1B,ZNF233,SHKBP1,SLC16A14,GEM,ARHGEF40,SERTAD3,COL22A1,EIF3F,ALG10B,ETV4,HES7,FAM181B,SPACA6,BRCC3,CFAP73,SVIP,PIM3,WDHD1,DLL1,FOXO6,TNRC6C-AS1,AC093580.1,AL356599.1,AC108002.1,AL365203.2","NFATC4,DOT1L,ERF,MYH3,FGF12,PUS7L,CAMK1,DNAJB5,TMC6,ATP8B2,CC2D1B,ADAMTS13,GABRG1,STOX1,ARHGEF40,COL22A1,DCP2,MOB1B,ALG10B,FAM181B,SPACA6,SVIP,PIM3,WDHD1,DLL1,TNRC6C-AS1,AL669831.4,AC093580.1"
"cvda","0.10","1","DPM1,ARX,CROT,AGPS,CXorf56,ERP44,TOMM34,CDH1,GOPC,HOMER3,SIKE1,GALC,HPF1,GDI2,MRPS35,GUCY1B1,CS,RHOA,LAPTM4A,TSG101,ACTR6,SLC25A40,BCAP29,TM9SF3,UBE2K,PCNP,MRPL22,APLP2,RRN3,CHMP5,AQP6,EPDR1,IGBP1,CDC23,HSP90AB1,RAB18,BCL7C,TRIOBP,RBFOX2,ST13,CNIH1,DHRS7,MTHFD1,PFDN4,RAE1,TCFL5,RIOK3,PSMD10,ZDHHC15,RAB11A,GDAP1,RAB2A,LEPROTL1,DCTN6,ERCC2,CCDC61,LFNG,TAX1BP1,PTGR1,MICU1,CBX1,MFSD10,TNS2,SLC6A12,GPN3,VPS29,RASAL1,CPSF6,GOLT1B,MDGA1,CCNC,PERP,TMEM30A,MRPS27,PFDN1,GABRG2,SKP1,ACAP2,MOB4,RPL22,UCHL5,VAMP4,SPCS2,HSDL2,ARL1,KIAA1191,RPL5,KLHL7,CISD1,SPRYD7,RAB9B,CSE1L,GLO1,LRRC29,FAM193A,NAPB,DSTN,FLRT1,HNRNPH2,TIMM8A,RAP1B,LSM8,DNAJB9,NDUFA5,TWSG1,MPP1,ARHGEF9,SH3BGRL,NDFIP1,PRKAB2,ACTR10,RPA1,PCED1A,SERINC3,RTN3,KRAS,IMPA1,CDK7,THUMPD3,EMC7,RPS15A,NARS,BTF3L4,ORC3,CCDC142,USP15,NDUFB5,ATP6V1G1,ANKRD42,RABGGTB,RTCA,ACTR2,ATAD1,ARL3,SSB,OLA1,NAAA,VAMP1,TMBIM6,DENR,SRP14,TSPAN3,TPM1,SEC11A,MAP1LC3B,CEP131,MVB12A,RPL11,TIPRL,MPC2,SRP9,CALM2,ARL6IP5,RPS3A,RPL37,BTF3,ARMT1,CCT6A,LANCL3,ZNF711,RPL7,POLR2K,C9orf3,CRB2,POLE3,RPL7A,RSU1,EIF3M,PLCH2,KIAA1755,CDC123,ARL14EP,ZUP1,CC2D1B,ELOC,ATP6V1C1,VBP1,ADK,RPL30,EEF1A1,EIF4A2,NMNAT2,STEAP2,DYNC1I1,FDXR,ACOT11,FAAP20,VSNL1,GNPDA2,EIF4E3,EIF5A2,SLBP,MELTF,ABCE1,MOCS2,SHROOM1,DYNLT3,CFL2,CEP57,CCT2,TMX3,NUDT21,RRM1,PPP1R14A,FTH1,SEPT2,UBE2V2,B3GALNT1,COL22A1,UGP2,UBE2E1,TMEM182,CAVIN3,MORN4,ZNF524,ZIK1,ATPAF2,BPGM,FAM192A,MAP3K11,NAA20,TOMM20,RPL4,RPL15,PTDSS2,RPS27,EFCAB13,TAF7,FIZ1,RPH3AL,HIGD1A,NPM1,ZFP41,FAM181B,B4GALNT4,TRAPPC6B,RIPPLY3,SELENOF,PROS1,OR7E14P,F8,IRF7,BRCC3,FAM131C,NAP1L2,UBE2H,CFAP73,BCAM,MAOA,TSPYL1,EEF1A1P5,NUDT11,COL27A1,CD47,FAM3C,MIRLET7BHG,RPS4X,CALM1,SELENOT,PJA2,AL022323.1,C5orf51,AL359091.1,STK38L,TSN,ZNF580,ADAT3,MBLAC1,TMEM242,TMEM167B,TTC34,ZNF579,AL122058.1,RPL41P1,AL139260.1,RPL41,AL450405.1,HGH1,DNM1P51,LINC01563,FAM200B,PTENP1,C22orf39,AC106800.2,LINC02199,OTUD6B-AS1,CHMP1B,AP003392.4,AP002748.3,AL121821.1,AC233701.1,AC100793.2,RNF157-AS1,MZF1-AS1,AC245884.9,SNHG8,AC093297.2,AL365181.4,AC064836.3,AL117335.1,AC139768.1,AL365209.1,AC009145.4,AL392083.1","AGPS,SIKE1,GDI2,GUCY1B1,RHOA,TSG101,ACTR6,BCAP29,TM9SF3,UBE2K,PCNP,MRPL22,APLP2,CHMP5,TXNL1,RAB18,BCL7C,ST13,TCFL5,NXT2,ZNF500,RAB2A,LEPROTL1,CCDC61,PTGR1,RAB11FIP2,PDHX,GPN3,VPS29,CPSF6,TMEM30A,UCHL5,HDHD3,KIAA1191,RPL5,SPRYD7,HNRNPH2,TIMM8A,RAP1B,LSM8,TWSG1,SH3BGRL,TRIM47,SERINC3,KRAS,MRO,THUMPD3,NARS,BTF3L4,NDUFB5,ACTR2,ATAD1,ARL3,SLC40A1,DENR,MAP1LC3B,TIPRL,ARL6IP5,TMF1,RPL37,BTF3,CCT6A,GOLGA7,RPL7,POLR2K,EIF3H,C9orf3,RSU1,EIF3M,KIAA1755,ARL14EP,ELOC,ATP6V1C1,VBP1,VPS37A,RPL30,EEF1A1,EIF4A2,TAB3,BROX,VSNL1,EIF5A2,PHKG1,DYNLT3,NUDT21,SNRPD1,FTH1,PKIA,MORN4,ATPAF2,FAM192A,TOMM20,PABPC5,RPL15,EFCAB13,NPM1,FAM181B,SELENOF,F8,IRF7,BRCC3,NAP1L2,CFAP73,FBF1,MAOA,TSPYL1,LIN54,FAM3C,RPS4X,MTCO3P12,SELENOT,PJA2,TNRC6C-AS1,STK38L,TSN,NUTM2B-AS1,RPL41P1,FAM200B,AC106800.2,OTUD6B-AS1,AL121821.1,AC027279.1,RBM8A,AC100793.2,AC139768.1,AC010533.1,AL365209.1,AC009145.4,AL392083.1","AGPS,SIKE1,GDI2,GUCY1B1,RHOA,TSG101,ACTR6,BCAP29,TM9SF3,UBE2K,COL5A3,PCNP,APLP2,CHMP5,RAB18,BCL7C,ST13,TCFL5,NXT2,ZNF500,RAB2A,LEPROTL1,CCDC61,PTGR1,RAB11FIP2,TMEM33,PDHX,GPN3,VPS29,CPSF6,TMEM30A,UCHL5,HDHD3,KIAA1191,RPL5,SPRYD7,HNRNPH2,TIMM8A,RAP1B,LSM8,NDUFA5,TWSG1,SH3BGRL,TRIM47,SERINC3,KRAS,MRO,THUMPD3,NARS,BTF3L4,ACTR2,ATAD1,ARL3,SLC40A1,DENR,MAP1LC3B,RPL11,TIPRL,ARL6IP5,TMF1,RPL37,BTF3,CCT6A,GOLGA7,RPL7,POLR2K,EIF3H,C9orf3,RSU1,EIF3M,KIAA1755,ARL14EP,ELOC,ATP6V1C1,VBP1,VPS37A,RPL30,EEF1A1,EIF4A2,TAB3,BROX,VSNL1,EIF5A2,PHKG1,DYNLT3,NUDT21,SNRPD1,FTH1,B3GALNT1,PKIA,MORN4,ATPAF2,FAM192A,TOMM20,PABPC5,RPL15,EFCAB13,NPM1,SELENOF,F8,IRF7,BRCC3,NAP1L2,CFAP73,FBF1,MAOA,TSPYL1,LIN54,FAM3C,RPS4X,MTCO3P12,SELENOT,PJA2,TNRC6C-AS1,STK38L,TSN,NUTM2B-AS1,RPL41P1,AL450405.1,FAM200B,AC106800.2,OTUD6B-AS1,AL121821.1,AC027279.1,RBM8A,AC100793.2,SNHG8,AC139768.1,AC010533.1,AL365209.1,AC009145.4,AL392083.1","OTUD6B-AS1,AL121821.1"
"cvda","0.10","2","MSL3,CROT,PHTF2,SLC6A13,RABGAP1,COX15,NUDCD3,AGPS,GLRX2,GCLM,TOMM34,CTNS,VAMP3,SIKE1,GALC,HPF1,GDI2,MRPS35,CS,APPBP2,EIF4B,TM7SF3,WDR3,RHOA,SEL1L,TFRC,SREBF1,ACTR6,SLC25A40,MCM6,JADE1,MAP2,UBE2K,SAR1A,COL5A3,PCNP,APLP2,HADHA,RRN3,CHMP5,AQP6,EPDR1,L2HGDH,METTL2A,TPX2,RPLP0,PCBP4,TF,NUP50,ARCN1,SH2D3C,HSP90AB1,MTAP,SH3BP1,RBFOX2,PRMT5,DHRS7,MTHFD1,NFATC4,GINS1,TCFL5,PSMD10,CD99L2,RP2,PCYT1B,HTATSF1,LONP2,AAGAB,RAB11A,NBN,IMPAD1,RAB2A,LEPROTL1,MCM4,CLASRP,CCDC61,GTPBP10,LFNG,TAX1BP1,KDM4C,RAB11FIP2,ATE1,MICU1,INTS2,MYH3,TMEM97,TMEM33,MFSD10,ZPR1,ELMOD1,LTA4H,SLC6A12,GPN3,RASAL1,NT5DC3,RNGTT,SERINC1,HINT3,MDGA1,PERP,TMEM30A,MRPS27,PFDN1,COL4A3BP,SKP1,NUP155,ATP6V1A,ADAM23,EPB41L5,TTC31,AUP1,LOXL3,PCYOX1,DNAJC16,TCEANC2,LEPR,UCHL5,AKT3,TMED5,IRF6,UTP20,ARL1,TMEM39B,CSMD2,CLCC1,ZRANB3,KIAA1191,RPL5,NPY,SMU1,CISD1,SPRYD7,STIL,BCAS4,FAM193A,NAPB,FLRT1,HNRNPH2,TIMM8A,EMC1,TUBGCP6,RNF112,LSM8,DNAJB9,ARHGAP22,FXR2,CDKN1C,SHC2,COL5A1,EIF2S3,MPP1,ARHGEF9,SH3BGRL,KIF3A,NDFIP1,ACAP3,PRKAB2,MATN3,MRPL35,PTPRE,RPA1,UNK,KRAS,ELP3,MRO,THUMPD3,NARS,DHX34,ARHGAP32,CCT7,GNS,EIF4E2,NDUFB5,SLC31A1,POLR1E,DNAJB5,ANKRD42,NARS2,UNC13C,SPTBN5,ACTR2,KIF11,ARL3,OLA1,WDR12,SEC31A,SLC39A8,VAMP1,LNX2,ESR2,BNIP2,FTO,MAP1LC3B,TAF4B,OSBPL1A,IFNAR1,SOD1,SAE1,PGD,PLK4,TIPRL,SRP9,EXOC6B,SHQ1,ARL6IP5,ECE2,SLC26A1,RPS3A,TNFRSF21,ANO7,CCT6A,LANCL3,RPL7,C9orf3,POLE3,RPL7A,GTF3C5,EIF3M,PLCH2,MRPL49,CRIM1,GXYLT1,SRFBP1,CDC123,GPATCH11,RNF219,ARL14EP,CENPH,SMARCA5,ZUP1,CC2D1B,CXXC1,APOOL,ATP6V1C1,TTN,VBP1,VPS37A,DPY19L4,FGF18,EEF1A1,EIF4A2,NMNAT2,TAB3,WDR66,TPRG1L,GPRASP2,TSR2,DYNC1I1,RNF166,ADIPOR1,RGS12,ADAMTS13,PLXDC1,ZFPL1,ACOT11,PRKAA2,BROX,ALMS1P1,VSNL1,SLC16A14,ATP1A1,EIF4E3,EIF5A2,CXCL5,SLC4A1AP,KIAA1143,SLBP,MELTF,HSPA4L,MAD2L1,ABCE1,TMEM184C,MOCS2,PRRC1,UBLCP1,SOX17,PHKG1,KCNV1,VCP,CFL2,ENTR1,TMEM41B,NUDT21,RRM1,TRIM68,TMEM145,ZNF232,FTH1,ATG16L2,SEPT2,BMP1,UBE2V2,CPT1C,B3GALNT1,SHE,COL22A1,UGP2,ARMC10,DNAJC24,ZNF160,MORN4,ZDHHC16,ANO5,BPGM,LRRC20,FAM192A,LCLAT1,ABCD2,MOB1B,SLC19A1,EIF1AX,TOMM20,RPL4,RPL15,RSRC1,PTDSS2,CKAP5,EIF3F,ALG10B,MSRA,CLK2,MTX3,ZBTB33,THAP5,GRB2,ZBTB41,MAMDC4,KCTD12,TAF7,HYI,KLHL28,KCTD2,PITPNB,NPM1,MRPS23,ZNF329,TSEN54,B4GALNT4,SPACA6,TMEM198B,SELENOF,NPIPA1,SF3A3,SRPK3,KCNH7,OR7E14P,ATL3,RBM43,F8,ARL15,BRCC3,THNSL1,ANKRD46,BACE1,NAP1L2,UBE2H,CARMIL3,CFAP73,C3orf70,SF3B3,LIN54,TMEM63A,SEMA4A,ZNF766,GTF2IRD2,ZNF124,XRCC6,COL27A1,LAMB3,ANXA6,ARRDC1,MIRLET7BHG,UAP1L1,CCDC154,EME2,SGTB,SVIP,ASPH,WDHD1,CALM1,FAM169A,SELENOT,PJA2,RNU6-1010P,AL022323.1,RING1,DXO,CTXN3,AC004980.1,SMG1P2,C5orf51,METTL6,STK38L,TSN,ZNF580,RFPL1S,LINC00511,AL513329.1,AL392172.1,ITPKB-IT1,AL391822.1,AL450405.1,LINC00595,MHENCR,AC106869.1,AGAP1-IT1,OLMALINC,TTN-AS1,LINC01410,SMKR1,PNMA2,ASLP1,NEAT1,OIP5-AS1,HHIP-AS1,CARMN,OTUD6B-AS1,ZNF260,LINC01485,SUGT1P4-STRA6LP,OPCML-IT1,AP002748.3,MIR9-3HG,RMST,AP003559.1,CACNA1C-IT3,ZNF253,RTEL1,AL121821.1,LINC02254,AC104024.2,AC027279.1,AC104964.3,AC012213.2,AC138932.3,U91319.1,AC233701.1,RNF157-AS1,AC004221.1,MZF1-AS1,AC245884.9,SNHG8,AF131215.6,GTF2H5,AC022898.2,AC103691.1,AC006249.1,PPP4R3B,AL117335.1,AL445649.1,AC139768.1,GGNBP2,MRPL45,FO538757.1,AC091181.1,AL365209.1,AC009145.4,AC100797.4,AL392083.1,AC129915.3,AL159152.1","RBM6,CROT,SLC6A13,RABGAP1,COX15,CNTN1,AGPS,SPAST,ERP44,GLRX2,GCLM,TOMM34,GABARAPL2,VAMP3,SIKE1,GALC,HPF1,GDI2,MRPS35,GUCY1B1,SFSWAP,APPBP2,EIF4B,TM7SF3,WDR3,ARFGEF1,RHOA,IARS2,PABPC1,SEL1L,SREBF1,HACD3,ACTR6,SLC25A40,MCM6,TM9SF3,MAP2,UBE2K,SAR1A,COL5A3,PCNP,PCDHGA2,ME2,MRPL22,BCKDHB,APLP2,HADHA,SEH1L,CHMP5,AQP6,EPDR1,TMED2,L2HGDH,METTL2A,TPX2,FKBP1A,RPL6,PCBP4,TF,NUP50,HOOK2,ARCN1,TMEM14A,RAB18,MTAP,SNRPD3,SH3BP1,ST13,ACO2,PRMT5,DHRS7,MTHFD1,GSKIP,PABPN1,SEC23A,NFATC4,TCFL5,PSMD10,NXT2,SMS,HTATSF1,LONP2,SLC38A7,GSPT1,EARS2,AAGAB,RAB11A,NBN,IMPAD1,RAB2A,LEPROTL1,MCM4,CLASRP,DMPK,CCDC61,GTPBP10,DNAH11,CBLL1,LFNG,TAX1BP1,WASL,BLVRA,KDM4C,RAB11FIP2,ATE1,MICU1,CCSER2,CUL2,INTS2,YWHAE,MYH3,TMEM97,TMEM33,MFSD10,LTA4H,SLC6A12,GPN3,VPS29,RASAL1,CPSF6,HCFC2,RNGTT,SERINC1,HINT3,MDGA1,CRYBG1,PPP2R5D,TMEM30A,MRPS27,PFDN1,COL4A3BP,SKP1,NUP155,ADAM23,EPB41L5,TTC31,CCT4,PCYOX1,DNAJC16,TCEANC2,EDEM3,LEPR,UCHL5,AKT3,TMED5,VAMP4,RAB14,HDHD3,HSDL2,GPR75,NUDCD1,UTP20,ARL1,TMEM39B,CSMD2,CLCC1,KIAA1191,RPL5,SMU1,SPRYD7,STIL,FAM199X,CSE1L,BCAS4,SSR1,SBDS,EMC1,TUBGCP6,RNF112,DNAJB9,HAT1,THAP10,CDKN1C,COL5A1,EIF2S3,SH3BGRL,PPT1,NDFIP1,ACAP3,PRKAB2,IMMT,MRPL35,RAN,RPA1,UBE2G1,BTBD3,SYT11,AP3B1,C12orf29,KRAS,ELP3,MRO,THUMPD3,ARL8B,CHL1,NARS,BTF3L4,WDR36,UBQLN1,CCT7,GNS,MRPS9,NDUFB5,SLC31A1,DERL1,POLR1E,RPS6,ANKRD42,NARS2,MRPL15,UNC13C,MAPKBP1,RSL24D1,SPTBN5,ACTR2,ARL3,ASNSD1,OLA1,WDR12,ITGAV,SEC31A,USO1,SLC39A8,VAMP1,LNX2,BNIP2,SRP14,EFL1,FTO,MAP1LC3B,OSBPL1A,IFNAR1,SOD1,PGD,RPS8,TIPRL,SRP9,EXOC6B,ARL6IP5,TMF1,RABL3,ECE2,FIP1L1,RPS3A,RPL37,BTF3,TNFRSF21,CCT6A,RPL7,POLR2K,EIF3H,HAUS6,C9orf3,RPL7A,GTF3C5,GLUD1,MTG1,EIF3M,ADAM33,PLCH2,KIAA1755,MRPL49,WDR17,CRIM1,SRFBP1,AKAP6,CDC123,FAM160B1,GPATCH11,ARL14EP,TMEM123,SLC30A6,MR1,CAST,SMARCA5,ZUP1,CC2D1B,NCAM2,CXXC1,APOOL,ATP6V1C1,TMEM237,RMND1,VBP1,VPS37A,FAM161B,ADK,DPY19L4,FGF18,EEF1A1,PHF6,EIF4A2,STEAP2,CACNA1D,TAB3,GPRASP2,DYNC1I1,ADIPOR1,ZNF221,ADAMTS13,CFAP157,ATXN7L2,BROX,PEX13,VSNL1,SLC16A14,SGCB,TGFBR2,EIF5A2,PPM1L,GTPBP8,CXCL5,KIAA1143,SLBP,MELTF,HSPA4L,MAD2L1,ABCE1,TMEM184C,MOCS2,PRRC1,UBLCP1,PHKG1,FASTK,CFL2,GHITM,ENTR1,API5,COPS2,TMEM41B,NUDT21,SNRPD1,STIM1,TRIM68,TMEM145,SRP68,FTH1,ATG16L2,BMP1,CCDC126,B3GALNT1,SHE,UGP2,GON7,ZNF160,MORN4,ANO5,RAB33B,MRPL13,FAM192A,CYP7B1,ABCD2,MOB1B,EIF1AX,RPL15,PTDSS2,CKAP5,PHYKPL,EIF3F,ALG10B,FAM91A1,MTX3,ZBTB33,THAP5,GRB2,ZBTB41,KCTD12,EFCAB13,HYI,KLHL28,PITPNB,NPM1,MRPS23,ZNF329,TSEN54,SPACA6,TMEM198B,SLC25A18,SELENOF,SF3A3,SRPK3,KCNH7,ATL3,DGAT1,F8,IRF7,BRCC3,THNSL1,ANKRD46,BACE1,RPS23,CFAP73,C3orf70,TAF9B,CHM,FBF1,SF3B3,LIN54,TMEM63A,GTF2IRD2,ZNF124,XRCC6,COL27A1,LAMB3,ZNF138,ARRDC1,MIRLET7BHG,UAP1L1,CCDC154,SGTB,CYYR1-AS1,RPS4X,STYX,ASPH,SH3BGRL2,WDHD1,RPL10A,FAM169A,SELENOT,LTN1,PJA2,RNU6-1010P,AL022323.1,BMPR2,RING1,TNRC6C-AS1,SCGB2B2,CTXN3,AC004980.1,SMG1P2,C5orf51,HACD2,STK38L,TSN,ZNF580,LINC00598,RPL23AP53,LINC00623,LINC00511,RPL41P1,AL392172.1,ITPKB-IT1,C2orf92,RPL41,AL669831.4,AL450405.1,LINC00595,AL079301.1,MHENCR,TTN-AS1,LINC01410,ASLP1,NEAT1,FAM13A-AS1,HHIP-AS1,CARMN,OTUD6B-AS1,ZNF260,LINC01485,PCDHGA3,OPCML-IT1,MIR9-3HG,RMST,ZNF253,FNBP1P1,AL121821.1,AL008727.1,AC027279.1,AC104964.3,AC138932.3,AC004221.1,AC245884.9,SNHG8,AF131215.6,AL158152.1,AL049840.4,GTF2H5,AC022898.2,PPP4R3B,AL117335.1,GOLGA8IP,AC089999.2,AC139768.1,MRPL45,AC091181.1,AL365209.1,AC009145.4,EBLN3P,AL392083.1,AL159152.1","RBM6,CROT,SLC6A13,RABGAP1,COX15,CNTN1,AGPS,SPAST,ERP44,AKAP11,GLRX2,GCLM,TOMM34,SLC39A9,GABARAPL2,CTNS,VAMP3,SIKE1,GALC,HPF1,GDI2,CDK14,MRPS35,GUCY1B1,SFSWAP,APPBP2,EIF4B,TM7SF3,WDR3,ARFGEF1,RHOA,IARS2,ERLEC1,PABPC1,SEL1L,SREBF1,HACD3,ACTR6,SLC25A40,MCM6,TM9SF3,MAP2,UBE2K,SAR1A,COL5A3,PCNP,PCDHGA2,ME2,MRPL22,BCKDHB,APLP2,HADHA,SEH1L,CHMP5,AQP6,EPDR1,TMED2,L2HGDH,METTL2A,TPX2,FKBP1A,RPL6,ZBTB25,PCBP4,TF,NUP50,HOOK2,ARCN1,TMEM14A,RAB18,MTAP,SNRPD3,SH3BP1,ST13,ACO2,PRMT5,DHRS7,MTHFD1,GSKIP,PABPN1,SEC23A,NFATC4,TCFL5,PSMD10,NXT2,SMS,KLHL4,LONP2,SLC38A7,GSPT1,EARS2,AAGAB,RAB11A,NBN,IMPAD1,RAB2A,LEPROTL1,MCM4,CLASRP,DMPK,CCDC61,GTPBP10,DNAH11,CBLL1,LFNG,TAX1BP1,WASL,BLVRA,KDM4C,RAB11FIP2,ATE1,MICU1,CCSER2,CUL2,INTS2,YWHAE,MYH3,TMEM97,TMEM33,MFSD10,UBE4A,LTA4H,SLC6A12,ITFG2,GPN3,VPS29,RASAL1,CPSF6,HCFC2,RNGTT,SERINC1,HINT3,MDGA1,CRYBG1,PPP2R5D,MRPS27,PFDN1,COL4A3BP,BRIX1,SKP1,NUP155,ADAM23,EPB41L5,TTC31,CCT4,PCYOX1,DNAJC16,TCEANC2,EDEM3,LEPR,UCHL5,AKT3,TMED5,VAMP4,RAB14,HSDL2,GPR75,NUDCD1,UTP20,ARL1,TMEM39B,CSMD2,CLCC1,KIAA1191,RPL5,SMU1,SPRYD7,STIL,FAM199X,CSE1L,BCAS4,SSR1,SBDS,EMC1,TUBGCP6,DGCR8,RNF112,DNAJB9,HAT1,COL5A1,EIF2S3,SH3BGRL,PPT1,ACAP3,PRKAB2,IMMT,MRPL35,RPA1,UBE2G1,SYT11,AP3B1,C12orf29,KRAS,ELP3,MRO,THUMPD3,ARL8B,CHL1,NARS,BTF3L4,WDR36,UBQLN1,CCT7,GNS,MRPS9,NDUFB5,SLC31A1,DERL1,POLR1E,ANKRD42,NARS2,MRPL15,UNC13C,MAPKBP1,RSL24D1,SPTBN5,ACTR2,ARL3,ASNSD1,OLA1,WDR12,ITGAV,SEC31A,USO1,SLC39A8,VAMP1,LNX2,BNIP2,SRP14,EFL1,FTO,MAP1LC3B,OSBPL1A,IFNAR1,SOD1,PGD,RPS8,TIPRL,SRP9,EXOC6B,ARL6IP5,TMF1,RABL3,ECE2,FIP1L1,RPS3A,RPL37,BTF3,TNFRSF21,CCT6A,RPL7,POLR2K,EIF3H,HAUS6,C9orf3,RPL7A,GTF3C5,GLUD1,MTG1,EIF3M,ADAM33,PLCH2,KIAA1755,MRPL49,WDR17,CRIM1,SRFBP1,AKAP6,CDC123,FAM160B1,GPATCH11,ARL14EP,TMEM123,SLC30A6,MR1,CAST,SMARCA5,CC2D1B,NCAM2,CXXC1,APOOL,ATP6V1C1,TMEM237,RMND1,VBP1,VPS37A,FAM161B,ADK,DPY19L4,FGF18,EEF1A1,PHF6,SAMD8,EIF4A2,STEAP2,CACNA1D,TAB3,DZIP1L,GPRASP2,DYNC1I1,ADIPOR1,ZNF221,ADAMTS13,CFAP157,ACOX1,BROX,PEX13,VSNL1,SLC16A14,SGCB,TGFBR2,EIF5A2,PPM1L,GTPBP8,CXCL5,KIAA1143,SLBP,MELTF,HSPA4L,MAD2L1,ABCE1,TMEM184C,MOCS2,PRRC1,UBLCP1,PHKG1,FASTK,CFL2,GHITM,ENTR1,API5,COPS2,TMEM41B,NUDT21,SNRPD1,TRIM68,TMEM145,SRP68,FTH1,ATG16L2,BMP1,CCDC126,B3GALNT1,SHE,UGP2,GON7,ELOVL6,ZNF160,MORN4,ANO5,RAB33B,MRPL13,BPGM,FAM192A,CYP7B1,ABCD2,MOB1B,EIF1AX,RPL15,PTDSS2,CKAP5,PHYKPL,EIF3F,ALG10B,FAM91A1,MTX3,FAM210A,ZBTB33,THAP5,GRB2,ZBTB41,KCTD12,EFCAB13,HYI,KLHL28,PITPNB,NPM1,MRPS23,ZNF329,TSEN54,SPACA6,TMEM198B,SLC25A18,SELENOF,SF3A3,SRPK3,KCNH7,ATL3,F8,IRF7,BRCC3,THNSL1,ANKRD46,BACE1,RPS23,CFAP73,C3orf70,TAF9B,CHM,C22orf34,FBF1,SF3B3,LIN54,TMEM63A,GTF2IRD2,ZNF124,XRCC6,COL27A1,LAMB3,ZNF138,ANXA6,ARRDC1,MIRLET7BHG,UAP1L1,ZNF675,SGTB,CYYR1-AS1,RPS4X,STYX,ASPH,SH3BGRL2,WDHD1,RPL10A,FAM169A,SELENOT,LTN1,PJA2,AL022323.1,BMPR2,TNRC6C-AS1,MZT1,SCGB2B2,CTXN3,AC004980.1,SMG1P2,STK38L,TSN,ZNF580,RPL23AP53,LINC00623,LINC00511,RPL41P1,AL392172.1,ITPKB-IT1,C2orf92,RPL41,AL669831.4,AL450405.1,LINC00595,AL079301.1,LINC-PINT,MHENCR,TTN-AS1,LINC01410,ASLP1,NEAT1,FAM13A-AS1,HHIP-AS1,CARMN,OTUD6B-AS1,ZNF260,LINC01485,PCDHGA3,OPCML-IT1,MIR9-3HG,RMST,ZNF253,FNBP1P1,AL121821.1,AC027279.1,AC104964.3,AC138932.3,AC004221.1,AC245884.9,SNHG8,AF131215.6,AL158152.1,AL049840.4,MIR222HG,GTF2H5,AC022898.2,PPP4R3B,AC138932.5,AL117335.1,GOLGA8IP,AC089999.2,AC139768.1,MRPL45,AC091181.1,AL365209.1,AC009145.4,EBLN3P,AL392083.1,AL159152.1","RABGAP1,AGPS,SPAST,TOMM34,SIKE1,GDI2,MRPS35,APPBP2,ARFGEF1,EVI5,RHOA,SREBF1,RBM7,MAP2,UBE2K,COL5A3,HADHA,TPX2,SEC23A,TCFL5,NXT2,LONP2,SLC38A7,GSPT1,NBN,LEPROTL1,GTPBP10,LFNG,TAX1BP1,RAB11FIP2,TMEM97,TMEM33,MFSD10,SLC6A12,ITFG2,GPN3,CPSF6,HCFC2,RNGTT,HINT3,COL4A3BP,EPB41L5,PCYOX1,DNAJC16,TMED5,VAMP4,NUDCD1,RPL5,FAM199X,EMC1,TUBGCP6,RNF112,COL5A1,MRO,NDUFB5,NARS2,SPTBN5,ARL3,SLC39A8,VAMP1,TMTC3,LNX2,BNIP2,MAP1LC3B,IFNAR1,RPS8,TIPRL,SRP9,ECE2,FIP1L1,RPS3A,GLRA3,HAUS6,RPL7A,GTF3C5,EIF3M,KIAA1755,GXYLT1,FAM160B1,NBAS,ARL14EP,SMARCA5,APOOL,ATP6V1C1,VPS37A,DPY19L4,FGF18,EEF1A1,PHF6,STEAP2,BROX,SGCB,EIF5A2,CXCL5,HSPA4L,MAD2L1,TMEM184C,PHKG1,CFL2,BMP1,ELOVL6,ANO5,DCP2,ABCD2,MOB1B,EIF1AX,RPL15,PHYKPL,ALG10B,MTX3,ZBTB33,ZBTB41,HYI,KLHL28,TMEM198B,KCNH7,ZBTB6,CFAP73,SF3B3,TMEM63A,GTF2IRD2,ZNF124,NHLRC2,ARRDC1,UAP1L1,STYX,WDHD1,FAM169A,SELENOT,AL022323.1,BMPR2,TNRC6C-AS1,AC004980.1,SMG1P2,STK38L,LINC00511,AL392172.1,AL669831.4,AL450405.1,LINC01410,HHIP-AS1,CARMN,OTUD6B-AS1,ZNF260,MIR9-3HG,ZNF253,AL121821.1,AC138932.3,AC004221.1,AC245884.9,AC103691.1,AL117335.1,AC139768.1,AC091181.1,AC009145.4"
"cvda","0.10","3","CFH,SEMA3F,MTMR7,PLXND1,MPO,CROT,IBTK,AGK,IFRD1,GTF2IRD1,VPS41,RHBDF1,ADAM22,FAM76A,POMT2,GIPR,PTBP1,CEP68,PRICKLE3,COX15,SAMD4A,SPAST,ERP44,DERA,PLEKHO1,FUT8,CDH1,SPDL1,WWC3,GOPC,TSPAN17,LETMD1,HOMER3,LY75,HPF1,PHF21B,DCBLD2,NDC1,HDAC7,MRPS35,TNPO3,TBC1D1,ZMYND12,EML1,PFKP,PLEKHH3,TTC7A,PSME4,ERLEC1,VPS35,ATP1B3,TMEM260,ZXDC,AP3M2,PABPC1,CYBRD1,SREBF1,LLGL2,ST6GAL1,TEAD2,DPP8,ARHGEF10L,SLC25A40,BCAP29,DGKD,NFKB2,UBE2K,SYNJ2,RUNX1T1,RAPGEF3,COL5A3,C5orf22,BCKDHB,TDRD3,NUFIP1,ZNF586,COL16A1,HADHA,MAST2,AQP6,NLK,NOP14,L2HGDH,TPX2,SLC4A11,EBF4,ESF1,ZNF268,PLEKHG2,RGS17,ANGPT2,NUP50,IFT74,IL12RB1,MYO9B,PICK1,SUN2,RBFOX2,KIAA0930,KHNYN,MTHFD1,VRK1,NFATC4,MRGBP,CDC25B,MYLK2,RNMT,SMAD7,STS,ARHGEF7,LONP2,CCDC113,TAF1C,RPGRIP1L,DTWD1,SCG3,GDAP1,EIF3E,ZC2HC1A,LEPROTL1,DCTN6,RELB,DOT1L,CCDC61,AKAP8,TYK2,ERF,RUNDC3B,PON3,NPTX2,FKTN,TGFBR1,PLGRKT,RAB11FIP2,CXCL12,MICU1,NUP88,HSD17B1,MYH3,MAPK10,TBC1D19,SNX25,TCIRG1,VWF,ASIC1,LTA4H,SLC6A12,DUSP16,RASAL1,ARHGDIB,FRK,MDGA1,PERP,TFEB,VEGFA,COL4A3BP,ARL6,PFKFB4,FGF12,ACAP2,USP9Y,CLCN2,ITGA4,STRN,CEBPZ,PCYOX1,FARSB,DNAJC16,LRRC42,RPL22,PHF13,FBXO2,LEPR,IVNS1ABP,UCHL5,TSNAX,BLZF1,KPTN,CASC1,ABCG2,WDR35,CPSF3,PHF19,HSDL2,IRF2BPL,DNMT3A,TCTN3,WDR55,SEC16B,ARL1,TNFRSF10B,RDH10,ZRANB3,RPL5,INHBA,BICC1,CISD1,DDX39A,NLN,RAB9B,PREX1,SNRNP27,ATP8A1,ZNF391,RREB1,FAM193A,TTF1,VASP,PANK2,RRBP1,BMP2,KDM5C,FLRT1,OMD,TAS2R4,SRD5A3,ATF4,LSM8,KLHDC10,PUS7L,MIS18BP1,TEP1,CDKN1C,RPS4Y1,DOCK6,LDLR,COLGALT1,RSPH3,JUND,COL5A1,NPAS1,TXLNGY,SH3BGRL,PDLIM4,GFPT2,THOC6,FIGNL1,TRIM47,DYDC2,TMEM254,IRAK2,CAMK1,THUMPD3,CHL1,TPGS2,SLC43A3,WDR36,NAA35,ADAM19,ORC3,TFCP2,AFG1L,SMPD2,MPHOSPH6,FHOD1,WASHC4,TTC5,ADAMTS7,SCN2A,STX17,XPA,IL33,POLR1E,DNAJB5,LRRC1,RAB30,MAPKBP1,SPTBN5,DYNC2LI1,ARL3,KIF20B,EXOC6,STAT4,MDH1B,SLC40A1,MNS1,SECISBP2L,HERC6,SEC31A,PPP3CA,SCAF11,PPFIA2,GALNT6,DENR,GRTP1,WDR89,HMG20A,SCAPER,UNC45A,FTO,ARHGAP17,CPNE2,GALNS,ARSG,TAF4B,GALNT1,SAT2,TMC6,DYM,CYR61,PSMA5,USP21,HDGF,DYRK3,ATP8B2,ITPKB,LYG1,LNPK,SPAG16,STK11IP,CSRNP1,ABHD10,RABL3,ECE2,CRHBP,PPIP5K2,SLC25A48,GABRB2,HMGCLL1,ANO7,TMEM168,NLGN4X,ZNF711,RPL7,POLR2K,UTP23,CRB2,SURF1,RPL7A,RSU1,GLUD1,MTG1,ADAM12,ADM,LRRC4C,ZNF215,EIF3M,TNKS1BP1,ADAM33,PLCH2,CTF1,LATS2,PRSS23,DLG5,ACSL1,BEND6,ARL14EP,CAMK4,TMEM123,PART1,NR4A2,ANKRD29,CC2D1B,C21orf91,CXXC1,CA10,SLC16A1,FAM161B,UTP14A,MYO1E,TAB3,FANCC,GPRASP2,DYNC1I1,ZNF233,CBS,ADAMTS13,CACFD1,SHKBP1,ZBTB7B,WDR90,PRKAA2,AGL,ATF3,MAPKAPK2,SLC16A14,CFAP221,DHX57,GNPDA2,GABRG1,SSR2,ADORA1,AZI2,SGO2,EIF5A2,CDS1,CLEC3B,ZC3H12A,POLR2H,AIMP1,HPGD,LMBRD2,CCDC112,UBLCP1,LINC01600,SLU7,MIOS,ORC5,MICALL2,ALDH7A1,GEM,PSIP1,TMEM246,MID1IP1,C10orf25,ENTR1,AK8,STOX1,ARHGEF40,ZNF219,ABTB2,FAM227B,ATP9B,PRTG,CCDC68,RRAD,PEX11A,NAV2,NUDT21,SERTAD3,GLOD4,ATG16L2,MOBP,ATG4B,BMP1,TRAPPC11,FAM84B,MRPL1,COL22A1,FOXD4,FAM161A,FOS,TMEM182,DNAJC18,PFKFB3,ARMC10,CHCHD7,DNAJC24,DCDC1,PKIA,MORN4,ZNF672,CDC42BPG,JUNB,APLN,LPAR3,ZIK1,LRRC34,KLHL6,FAM192A,RAB37,RNASEH2C,LCLAT1,RELA,ABCD2,MOB1B,TOMM20,ZWILCH,RPL4,ANGEL2,SLC29A2,SH3PXD2B,RPL15,RSRC1,PTDSS2,EIF3F,ALG10B,ETV4,CREG2,ZDHHC21,SLC35G1,PHLDB3,GNG7,BDNF,TTTY14,METRNL,FLII,ZNF518A,MAMDC4,PDE4DIP,NT5DC1,HYI,PER1,HES7,CATSPERE,KLHL28,DNHD1,ZNF154,NRXN1,SKIDA1,S1PR5,PITPNB,HIGD1A,EHMT1,NPM1,MRPS23,AMIGO1,GPR3,SLC2A4,PRKAG1,MGAT4C,FAM181B,TSEN54,MOB2,B4GALNT4,SPACA6,CNOT10,FAM43B,SF3A3,ACP7,SCFD2,CMSS1,PROS1,HDDC3,RBM43,F8,MAFF,BRCC3,FAM131C,LMLN,ZFP36L1,PRELID2,CYP4X1,ARAP1,CARMIL3,CFAP73,TMEM232,NAP1L1,SESTD1,TAF9B,ZNF385C,FANCM,C15orf62,GTF2F2,NHLRC3,FAM53B,ACADSB,TMEM63A,EEF1A1P5,FAM217B,SLC6A9,ZNF33B,COL27A1,ADA,LAMB3,ZNF138,SERTAD1,ZMYM1,HIST1H4C,ZGPAT,UAP1L1,DACT3,C5AR1,EME2,FAM49A,RPS4X,ZNF84,SFI1,SVIP,STYX,PIM3,ZNF69,MAFK,WDHD1,DLL1,LRRTM3,GJC2,DZIP3,LIME1,FOXO6,RING1,TNRC6C-AS1,HLA-DRA,DXO,E2F4,DNAJC19,GYG2P1,DENND1B,SIPA1,AL137145.2,TMEM167B,SP9,RPS10P7,AC147651.1,INHBA-AS1,SNX18P9,AC096677.1,OSTM1-AS1,MKRN2OS,PTPRD-AS1,AL080276.2,ANKRD36BP2,AL669831.4,AL450405.1,ELOVL2-AS1,CDC20P1,TMSB15B-AS1,AC093673.1,AL445433.2,AC093580.1,GAS5,ANKRD65,AL356599.1,OLMALINC,SMG1P1,RGL2,FAM200B,LINC01625,PLEKHO2,ANOS2P,RPS20P33,NFS1,DDOST,NEAT1,BDNF-AS,AC091180.2,AC008771.1,PKD1P6,AC113383.1,SCARNA6,SCARNA5,AC108002.1,AC087752.3,CD8B2,AP001372.2,CTSO,AP003559.1,AC004241.1,AC009779.2,RTEL1,PRKXP1,AC010889.1,AC104024.2,AC107398.3,AC009065.5,AC107027.3,MANEA-DT,AC012615.1,LINC00909,FSBP,AC020916.1,AC004221.1,MZF1-AS1,PTOV1-AS1,AC245884.9,SNHG8,AF131215.6,CAHM,GTF2H5,AL731563.3,AL365203.2,AC241952.1,HIST1H2AK,AL031651.2,AC131159.2,AC148477.5,AC015813.6,BTG3-AS1,AC004784.1,AC096667.1,LINC00032","CFH,CROT,RHBDF1,GIPR,CEP68,SAMD4A,CDH1,SPDL1,PHF21B,DCBLD2,NDC1,MRPS35,ZMYND12,PSME4,ATP1B3,PABPC1,TEAD2,BCAP29,RUNX1T1,RAPGEF3,COL5A3,BCKDHB,NUFIP1,AQP6,SLC4A11,MYO9B,KHNYN,NFATC4,EIF3E,ZC2HC1A,LEPROTL1,DOT1L,ERF,NPTX2,TGFBR1,RAB11FIP2,SEPT4,MYH3,SLC6A12,ARL6,FGF12,CLCN2,PCYOX1,UCHL5,BLZF1,CASC1,PHF19,WDR55,ZRANB3,RREB1,VASP,PUS7L,CDKN1C,COL5A1,TXLNGY,SH3BGRL,IRAK2,CAMK1,CHL1,NAA35,ADAM19,ORC3,SMPD2,STX17,DNAJB5,MNS1,SEC31A,GRTP1,CPNE2,SAT2,TMC6,ATP8B2,SPAG16,CSRNP1,TMEM168,RSU1,MTG1,EIF3M,ADAM33,TBX6,CTF1,ARL14EP,CAMK4,CC2D1B,TAB3,ZNF233,ADAMTS13,SHKBP1,ZBTB7B,AGL,ATF3,SLC16A14,GABRG1,ADORA1,MNDA,EIF5A2,POLR2H,AIMP1,UBLCP1,GEM,TMEM246,ENTR1,STOX1,ARHGEF40,ZNF219,RRAD,SERTAD3,GLOD4,MOBP,BMP1,FAM84B,COL22A1,PFKFB3,PKIA,TOMM20,EIF3F,ALG10B,ETV4,HYI,HES7,DNHD1,PITPNB,EHMT1,FAM181B,B4GALNT4,SPACA6,SCFD2,CMSS1,F8,MAFF,BRCC3,FAM131C,CARMIL3,CFAP73,TAF9B,ZNF385C,ACADSB,TMEM63A,LAMB3,ZNF138,EME2,SVIP,PIM3,MAFK,WDHD1,DLL1,FOXO6,TNRC6C-AS1,RPS10P7,OSTM1-AS1,AL669831.4,AC093580.1,AL356599.1,OLMALINC,SMG1P1,PLEKHO2,DDOST,BDNF-AS,AC091180.2,AC108002.1,CD8B2,AC020916.1,MZF1-AS1,AC245884.9,AL365203.2,HIST1H2AK,AC148477.5,BTG3-AS1","CFH,CROT,RHBDF1,GIPR,CEP68,PRICKLE3,SAMD4A,CDH1,SPDL1,LETMD1,PHF21B,DCBLD2,NDC1,MRPS35,ZMYND12,PSME4,ATP1B3,PABPC1,TEAD2,ARHGEF10L,BCAP29,RUNX1T1,RAPGEF3,COL5A3,BCKDHB,NUFIP1,ZNF586,AQP6,NLK,SLC4A11,MYO9B,KHNYN,NFATC4,CDC25B,EIF3E,ZC2HC1A,LEPROTL1,DOT1L,ERF,NPTX2,TGFBR1,RAB11FIP2,SEPT4,MYH3,TCIRG1,SLC6A12,RASAL1,MDGA1,ARL6,FGF12,CLCN2,PCYOX1,UCHL5,BLZF1,CASC1,PHF19,TCTN3,WDR55,PDZD11,ARL1,ZRANB3,RREB1,VASP,PUS7L,CDKN1C,DOCK6,COL5A1,TXLNGY,SH3BGRL,IRAK2,CAMK1,CHL1,WDR36,NAA35,ADAM19,ORC3,SMPD2,TTC5,ADAMTS7,STX17,DNAJB5,MNS1,SEC31A,GRTP1,HMG20A,FTO,CPNE2,SAT2,TMC6,PLPP2,ATP8B2,SPAG16,CSRNP1,RABL3,SLC25A48,TMEM168,RSU1,MTG1,EIF3M,ADAM33,TBX6,CTF1,ANKAR,ARL14EP,CAMK4,CC2D1B,FAM161B,TAB3,ZNF233,ADAMTS13,SHKBP1,ZBTB7B,AGL,ATF3,SLC16A14,CFAP221,GABRG1,ADORA1,MNDA,EIF5A2,LZTFL1,POLR2H,AIMP1,UBLCP1,GEM,TMEM246,ENTR1,STOX1,ARHGEF40,ZNF219,RRAD,SERTAD3,GLOD4,MOBP,BMP1,FAM84B,COL22A1,PFKFB3,PKIA,JUNB,KLHL6,MOB1B,TOMM20,EIF3F,ALG10B,ETV4,HYI,HES7,DNHD1,PITPNB,EHMT1,PRKAG1,FAM181B,B4GALNT4,SPACA6,SLC25A18,SCFD2,CMSS1,F8,MAFF,BRCC3,FAM131C,CARMIL3,CFAP73,TAF9B,ZNF385C,ACADSB,TMEM63A,SLC6A9,LAMB3,ZNF138,SERTAD1,EME2,SVIP,PIM3,ZNF69,MAFK,WDHD1,DLL1,FOXO6,TNRC6C-AS1,DXO,DNAJC19,RPS10P7,OSTM1-AS1,AL080276.2,AL669831.4,AC093673.1,AC093580.1,GAS5,AL356599.1,OLMALINC,SMG1P1,PLEKHO2,DDOST,BDNF-AS,AC091180.2,AC108002.1,CD8B2,PRKXP1,AC020916.1,AC004221.1,MZF1-AS1,AC245884.9,SNHG8,AL365203.2,HIST1H2AK,AC148477.5,BTG3-AS1","CFH,RHBDF1,CDH1,SPDL1,PHF21B,DCBLD2,NDC1,HDAC7,SREBF1,ARHGEF10L,BCAP29,UBE2K,RUNX1T1,RAPGEF3,COL5A3,AQP6,SLC4A11,RGS17,MYO9B,NFATC4,CDC25B,EIF3E,LEPROTL1,DOT1L,ERF,NPTX2,TGFBR1,RAB11FIP2,MYH3,ARL6,FGF12,CLCN2,PCYOX1,PHF19,WDR55,SNRNP27,TUBGCP6,PUS7L,CDKN1C,COL5A1,TXLNGY,SH3BGRL,PDE6B,CAMK1,NAA35,ADAM19,DNAJB5,SECISBP2L,GALNS,TMC6,ATP8B2,GALNT13,SPAG16,SLC25A48,SESN3,TBX6,ARL14EP,CC2D1B,ZNF233,ADAMTS13,SHKBP1,ZBTB7B,WDR90,SLC16A14,GABRG1,POLR2H,AIMP1,GEM,TMEM246,ENTR1,STOX1,ARHGEF40,ZNF219,RRAD,MOBP,BMP1,FAM84B,COL22A1,PKIA,PTEN,DCP2,MOB1B,TOMM20,ANGEL2,ALG10B,ETV4,ZDHHC21,HYI,HES7,MGAT4C,FAM181B,B4GALNT4,SPACA6,AC138969.1,BRCC3,FAM131C,CARMIL3,CFAP73,NAP1L1,TMEM63A,UAP1L1,EME2,SVIP,PIM3,WDHD1,DLL1,FOXO6,TNRC6C-AS1,AL669831.4,AC093580.1,SMG1P1,FAM200B,LINC01625,AC107398.3,AC004221.1,MZF1-AS1,AC245884.9,AL365203.2,AC148477.5"
"gct","0.05","1","","","",""
"gct","0.10","1","","","",""
"mct","0.05","1","","","",""
"mct","0.10","1","","","","PHYH"
